{
  "timestamp": "2025-08-12T13:19:52Z",
  "project_id": "pmc-estimator",
  "project_number": "615922754202",
  "function_name": "pmcEstimatorAPI",
  "region": "us-central1",
  "source_dir": "/Users/abeljstephen/pmc-estimator/system-google-cloud-functions-api",
  "service_url": "https://us-central1-pmc-estimator.cloudfunctions.net/pmcEstimatorAPI",
  "expected_user": "abeljstephen@gmail.com",
  "expected_service_account": "icarenow@pmc-estimator.iam.gserviceaccount.com",
  "service_account_key_path": "/Users/abeljstephen/pmc-estimator/system-google-cloud-functions-api/pmc-estimator-b50a03244199.json",
  "billing_enabled": "true",
  "billing_account": "billingAccounts/010656-5E1AC1-335B03",
  "required_apis": [
  "cloudfunctions.googleapis.com",
  "cloudbuild.googleapis.com",
  "artifactregistry.googleapis.com",
  "containerregistry.googleapis.com",
  "eventarc.googleapis.com"
],
  "required_roles_user": [
  "roles/cloudfunctions.admin",
  "roles/storage.admin",
  "roles/cloudbuild.builds.editor",
  "roles/cloudfunctions.viewer"
],
  "required_role_service_account": "roles/cloudfunctions.invoker",
  "environment": {
    "node_version": "v20.19.3",
    "jq_version": "jq-1.8.1",
    "openssl_version": "OpenSSL 3.5.2 5 Aug 2025 (Library: OpenSSL 3.5.2 5 Aug 2025)",
    "gcloud_version": "Unknown",
    "os": "Darwin MacBookPro.attlocal.net 24.3.0 Darwin Kernel Version 24.3.0: Thu Jan  2 20:22:00 PST 2025; root:xnu-11215.81.4~3/RELEASE_X86_64 x86_64"
  },
  "instructions": {
    "prerequisites": [
      "Install Google Cloud SDK and configure with 'gcloud init'.",
      "Install Node.js 20.x for local testing and dependency installation.",
      "Install jq and openssl with 'brew install jq openssl' on macOS.",
      "Ensure billing is enabled for project pmc-estimator.",
      "Verify service account key at /Users/abeljstephen/pmc-estimator/system-google-cloud-functions-api/pmc-estimator-b50a03244199.json.",
      "Assign roles/cloudfunctions.admin, roles/storage.admin, roles/cloudbuild.builds.editor, and roles/cloudfunctions.viewer to abeljstephen@gmail.com.",
      "Assign roles/cloudfunctions.invoker to icarenow@pmc-estimator.iam.gserviceaccount.com."
    ],
    "replication_steps": [
      "Set project: 'gcloud config set project pmc-estimator'.",
      "Authenticate as abeljstephen@gmail.com: 'gcloud auth login --account=abeljstephen@gmail.com'.",
      "Enable APIs: 'gcloud services enable <api>' for each in required_apis.",
      "Assign IAM roles as specified in required_roles_user and required_role_service_account.",
      "Copy source code to /Users/abeljstephen/pmc-estimator/system-google-cloud-functions-api and install dependencies with 'npm install'.",
      "Deploy with: 'gcloud functions deploy pmcEstimatorAPI --runtime nodejs20 --trigger-http --no-allow-unauthenticated --region us-central1 --source /Users/abeljstephen/pmc-estimator/system-google-cloud-functions-api --project pmc-estimator --set-env-vars=USE_CORE=1 --timeout=180'.",
      "Apply IAM policy to restrict invocation to icarenow@pmc-estimator.iam.gserviceaccount.com.",
      "Ensure Apps Script project is associated with project number 615922754202 in Project Settings > Change project."
    ]
  }
}
